{
  "features": {
    "pace": [
      "compound",
      "tire_age_laps",
      "stint_number",
      "race_progress",
      "laps_remaining",
      "position",
      "elo_pre",
      "track_temp",
      "air_temp",
      "rainfall"
    ],
    "sc": [
      "race_progress",
      "lap",
      "total_laps",
      "laps_since_neut"
    ],
    "dnf": [
      "compound",
      "tire_age_laps",
      "stint_number",
      "position",
      "gap_to_ahead",
      "race_progress",
      "sc_active",
      "vsc_active",
      "pit_count",
      "elo_pre"
    ],
    "pit": [
      "race_progress",
      "stint_number",
      "total_laps"
    ]
  },
  "compound_codes": {
    "SOFT": 0,
    "MEDIUM": 1,
    "HARD": 2,
    "INTERMEDIATE": 3,
    "WET": 4,
    "OTHER": 5,
    "UNKNOWN": 6
  },
  "pace": {
    "n_train": 145127,
    "resid_std": 2.0297287388499368,
    "resid_std_by_compound": {
      "SOFT": 1.9585459714338718,
      "MEDIUM": 2.0393974216541646,
      "HARD": 2.070028671949385,
      "WET": 0.70637358999074,
      "INTERMEDIATE": 1.5842248402385526,
      "UNKNOWN": 1.7349166961985791,
      "OTHER": 1.1000178429638459
    },
    "mae": 1.4770271736285816
  },
  "sc": {
    "n_train": 2277,
    "n_onset": 128,
    "base_rate": 0.056214317083882304
  },
  "dnf": {
    "n_train": 176383,
    "n_dnf": 392,
    "base_rate": 0.0022224364026011576
  },
  "pit": {
    "n_train": 5250,
    "mean": 24.53418247619048,
    "std": 4.786303537082946,
    "resid_std": 3.530633312303453
  }
}