{
  "features": {
    "pace": [
      "compound",
      "tire_age_laps",
      "stint_number",
      "race_progress",
      "laps_remaining",
      "position",
      "elo_pre",
      "track_temp",
      "air_temp",
      "rainfall"
    ],
    "sc": [
      "race_progress",
      "lap",
      "total_laps",
      "laps_since_neut"
    ],
    "dnf": [
      "compound",
      "tire_age_laps",
      "stint_number",
      "position",
      "gap_to_ahead",
      "race_progress",
      "sc_active",
      "vsc_active",
      "pit_count",
      "elo_pre"
    ],
    "pit": [
      "race_progress",
      "stint_number",
      "total_laps"
    ]
  },
  "compound_codes": {
    "SOFT": 0,
    "MEDIUM": 1,
    "HARD": 2,
    "INTERMEDIATE": 3,
    "WET": 4,
    "OTHER": 5,
    "UNKNOWN": 6
  },
  "pace": {
    "n_train": 142929,
    "resid_std": 2.07023088470017,
    "resid_std_by_compound": {
      "SOFT": 2.1318185874440365,
      "MEDIUM": 2.0663419183283933,
      "HARD": 2.0787849789859876,
      "WET": 0.5958705418774956,
      "INTERMEDIATE": 1.621925107733174,
      "UNKNOWN": 1.62106359276486,
      "OTHER": 1.0452172326929088
    },
    "mae": 1.5284646370546444
  },
  "sc": {
    "n_train": 2211,
    "n_onset": 124,
    "base_rate": 0.05608322026232474
  },
  "dnf": {
    "n_train": 173808,
    "n_dnf": 383,
    "base_rate": 0.0022035809629015924
  },
  "pit": {
    "n_train": 5162,
    "mean": 24.568996512979467,
    "std": 4.816334043589731,
    "resid_std": 3.5540040767137513
  }
}